{
    "camera_matrices": {
      "K1": [
        [1266.417203046554, 0.0, 816.2670197447984],
        [0.0, 1266.417203046554, 491.50706579294757],
        [0.0, 0.0, 1.0]
      ],
      "K2": [
        [1257.8625342125129, 0.0, 827.2410631095686],
        [0.0, 1257.8625342125129, 450.915498205774],
        [0.0, 0.0, 1.0]
      ]
    },
    "lsh_params": {
      "table_number": 20,
      "key_size": 24,
      "multi_probe_level": 4
    }
  }
  